[{"@type":"mappingTemplate","id":"@1","name":"Mapping_RESTV2","description":"","autoExpireObject":false,"bundleVersion":"0","assetFrsGuid":"4TadQ0lsT6whFWpFMrIe0J","templateId":"@3","hasParameters":false,"valid":true,"fixedConnection":true,"hasParametersDeployed":false,"fixedConnectionDeployed":false,"isSchemaValidationEnabled":false,"tasks":0,"mappingPreviewFileRecordId":"@2","documentType":"MAPPING","allowMaxFieldLength":false,"specialCharacterSupport":false,"references":[{"@type":"reference","refObjectId":"@6tpy4qMhrS6f6Bt1Dg56WS","refType":"connection"},{"@type":"reference","refObjectId":"@lwxlrferkkOd9PbJibY12J","refType":"connection"}]}]